canonical_service_key,db_id,admin_display_name,customer_display_name,website_quote_form_name,estimator_agent_terminology,invoice_line_item_name,status,residential_eligible,commercial_eligible,one_time_or_recurring,visit_frequency,actual_annual_visit_count,unit_of_pricing,required_estimator_inputs,optional_modifiers,labor_formula,material_formula,protocol_linkage,inventory_linkage,equipment_linkage,minimum_price,floor,cap,target_margin,margin_floor,discount_eligibility,waveguard_eligibility,tax_treatment,deposit_treatment,annual_prepay_treatment,manual_fallback_behavior,test_coverage,known_gaps,recommended_action,owner_decision_required
pest_general_quarterly,52efef9a-7b68-4e74-8d21-63457ff394ea,Pest Control (svcPest) cadence 4x,Pest Control,pest (frequency=quarterly) / catalog pest_general_quarterly,pest {frequency:quarterly},scheduled_services.service_type = 'Quarterly Pest Control Service',active,yes,no (commercial_pest path),recurring,quarterly,4,per application (footprint bracket),homeSqFt+stories (footprint); features (pool/cage/shrubs/complexity/nearWater/garage); propertyType,roachType (fires pest_initial_roach); pricingVersion v1/v2,report-only: 25 min on-site + 20 min drive x $35 (service-pricing.js pestVisitCostModel); price is bracket not cost-plus,report-only: $6.67/visit literal (talak 1.30 + taurus 4.87 + surfactant 0.50) at service-pricing.js:1425,none at price time (protocols.json pest; protocol-matcher by name),none (pest_service_costs pricing_config row is an orphan),none,$79/visit (pricing_config pest_base.floor; constants.js says $89),PEST.floor x freqMult (report-only post-discount),none,n/a (bracket),35% report-only,WaveGuard tier %; manual recurring discount,qualifier + tier %,residential exempt (0),retired (isDepositEnforced=false),$99 setup waived; no 5% (pest keeps waiver),n/a (always prices),golden master + pest hardening + audit golden cases,observed on-site median 44 min vs 25 modeled; floor $79 (DB) vs $89 (code/docs); lot size ignored; no bundle travel sharing,recalibrate labor minutes from actuals; sync constants.js/docs to DB floor; keep bracket model,Adam: confirm pest floor ($79 vs $89) and accept observed-labor margins
pest_general_bimonthly,2df153f3-27af-4652-8f62-1d40195663da,Pest Control cadence 6x,Pest Control,pest (frequency=bimonthly),pest {frequency:bimonthly},'Bi-Monthly Pest Control Service',active,yes,no,recurring,bimonthly,6,per application (footprint bracket x 0.88),same as quarterly,same,same (25 min),same,none,none,none,$79 x 0.88 = $69.52,same,none,n/a,35% report-only,tier %; manual,qualifier,exempt,retired,$99 waived,n/a,golden master (v2 curve),same as quarterly,same,same
pest_general_monthly,ca450a09-761d-453b-ab16-896ebbb686c5,Pest Control cadence 12x,Pest Control,pest (frequency=monthly),pest {frequency:monthly},'Monthly Pest Control Service',active,yes,no,recurring,monthly,12,per application (footprint bracket x 0.78),same,same,20 min on-site (report-only),same,none,none,none,$79 x 0.78 = $61.62,same,none,n/a,35% report-only,tier %; manual,qualifier,exempt,retired,$99 waived,n/a,golden master,observed monthly on-site median 36 min vs 20 modeled (n=6),same,same
pest_general_semiannual,b2998c1b-da7a-46d0-a24d-c2d0efd89eb9,(not selectable in admin builder),Semiannual Pest Control Service,catalog quote-selectable but engine has NO semiannual cadence,composer refuses semiannual (skip),'Semiannual Pest Control Service',active (catalog) / UNPRICED by engine,yes,no,recurring,semiannual,2,none,none,none,none,none,none,none,none,none,none,none,n/a,n/a,none,none,exempt,retired,n/a,engine silently prices frequency=semiannual as QUARTERLY with a warning (frequencyWasDefaulted),none,catalog sells a cadence the engine cannot price; a semiannual request reprices to quarterly (4 visits) silently,either add a semiannual multiplier/visits row to PEST or mark the catalog row non-selectable,Adam: is semiannual pest offered? at what per-application price?
one_time_pest_control,b1aa846d-8307-4a9e-b3a9-a86714d4610f,One-Time Pest Control Service (svcOnetimePest),One-Time Pest,oneTimePest (website diverts one-time to /api/leads),oneTimePest,'One-Time Pest Control Service',active,yes,no (commercial -> manual quote),one-time,n/a,1,flat = max($199; round(quarterly base x 2.2)) x urgency,homeSqFt+stories; features; propertyType,urgency; afterHours; recurringCustomer (15% perk; strict > base+$99 clamp),none priced; observed 36 min (n=3),none,none,none,none,$199,$199 + visit-1 clamp,none,n/a (multiple),n/a,15% recurring-customer perk; manual one-time discount,not a qualifier,exempt,retired,n/a,n/a,one-time treatments test + audit golden cases,stand-alone $246 vs paired $212 for the 2000 sf reference is the documented perk (not a defect),document the 2.2x anchor on the customer surface,none
cockroach_control,973ee069-1bc2-45d6-befb-bc8fb52bdeef,(catalog only; engine emits pest_initial_roach / standalone roach),Cockroach Treatment Service,n/a,pest {roachType} (auto-fires pest_initial_roach),'Cockroach Treatment' (2-treatment contract),active,yes,no,one-time,n/a,2 (catalog) vs 1 (engine display metadata),flat by footprint bracket (pest_initial_roach $119/$139/$169 regular; $169/$199/$249 german; standalone $202.50/$239/$289),footprint; roachType,standalone flag; initialRoachPriceOverride,report-only 15/25 extra min,report-only $10/$15 per visit,protocols.json cockroach (name match),none,none,$119,n/a,none,n/a,n/a,excluded from all % discounts,not a qualifier,exempt,retired,not waived by prepay,fee override (no reason/user/timestamp),pest margin guard + roach bracket tests,same customer string 'Cockroach Treatment Service' for two different contracts (catalog 2-visit vs engine 1-visit fee),give the catalog row an engine_key or rename one of the two,Adam: which treatment count does the $350 catalog row promise?
german_roach,c6997372-4436-4e17-9a04-dac9df7fcd86,German Roach Cleanout (roachType=GERMAN standalone),German Roach Cleanout Service,n/a,germanRoach {severity REQUIRED},'German Roach Cleanout Service — N Visit Program',active,yes,no (manual quote),one-time,n/a,2/3/4 visits by severity,flat by severity ($350/$450/$550),severity,none,not modeled,not modeled,protocols.json cockroach,none,none,$350,n/a,none,n/a,n/a,excluded,not a qualifier,exempt,retired,n/a,missing severity defaults to LIGHT ($350) with only a flag,audit golden cases,default-to-cheapest on missing severity; no labor/material model behind the tiers,require severity (fail closed) on every entry point,none
german_roach_initial,9d18e108-0e48-4790-8f40-35076081bf91,(legacy direct callers),German Roach Initial Service (3-Visit),n/a,n/a,'German Roach Initial Service (3-Visit)',active (legacy),yes,no,one-time,n/a,3,$100/visit x 3,none,none,none,none,none,none,none,$300,n/a,none,n/a,n/a,excluded,no,exempt,retired,n/a,n/a,v1 adapter baseline only,legacy path kept for direct engine callers,retire or document,none
pest_initial_german_knockdown,86ee2037-9e74-4440-a7e5-101d1c99e701,n/a,Initial German Roach Knockdown Service,n/a,n/a,n/a,archived,-,-,one-time,-,-,-,-,-,-,-,-,-,-,-,-,-,-,-,-,-,-,-,-,-,none,archived row still referenced nowhere,delete after confirming no visits reference it,none
pest_initial_palmetto_knockdown,d5ac8486-d980-4f8a-ab1b-f46d833e4030,n/a,Initial Native Roach Knockdown Service,n/a,n/a,n/a,archived,-,-,one-time,-,-,-,-,-,-,-,-,-,-,-,-,-,-,-,-,-,-,-,-,-,none,archived,same,none
pest_re_service,3a5e93f4-8321-48dd-82d0-6b63b2694d9b,(callback),Pest Control Re-Service,n/a,n/a,'Pest Control Re-Service' ($0),active (internal),yes,yes,one-time,n/a,as needed,$0 (never priced by ruling),none,none,observed 28 min median + drive (n=4),none,none,none,none,$0,n/a,n/a,n/a,n/a,n/a,n/a,exempt,n/a,n/a,n/a,none,callback cost (8 of 307 visits since 06-01 = 2.6%) is not in any pest reserve,add an expected-callback reserve line to the pest cost model (report-only),none
pest_rodent_quarterly,8b7cd20b-e39e-4fdc-b89d-9e58bef27dd4,n/a,Pest & Rodent Control,n/a,n/a,n/a,archived (combined),-,-,recurring,quarterly,4,-,-,-,-,-,-,-,-,-,-,-,-,-,-,-,-,-,-,-,none,still referenced by estimate-converter / waveguard-existing-services / trace-eligibility,retire references,none
pest_termite_bait_quarterly,9ba42341-4767-4817-8dc1-0148c5da8ee7,n/a,Quarterly Pest + Termite Bait Station Service,n/a,n/a,n/a,archived (combined),-,-,recurring,quarterly,4,-,-,-,-,-,-,-,-,-,-,-,-,-,-,-,-,-,-,-,none,referenced by estimate-converter.js:310 with GATE_SEPARATE_COMBO_VISITS=true in prod,retire references,none
lawn_care_recurring,55ff3da2-1076-439c-a2b1-f1dfd57d623a,Lawn Care (svcLawn) 6 apps,Lawn Care,lawn (tier=standard),lawn {track; tier:standard},'Bi-Monthly Lawn Care Service',active,yes,no (commercial_lawn),recurring,bimonthly,6,per application from monthly bracket cell (track x sqft),treatable lawn sqft (measuredTurfSf/lawnSqFt else lot-derived); grass track,bermudaSuppression (st_augustine only; GATE_BERMUDA_SUPPRESSION),report-only: 12 + 2.5/1000 sf min + 5 min DENSE drive x $35 (packages/lawn-cost-floor); lawn pricer also carries a dead $26.96/visit literal,report-only: LAWN_MATERIAL_BUDGETS (hand-derived from protocols.json) x sf/4500 / visits,protocols.json lawn + lawn_protocols operating layer (name match; no dollars),none,none (calibration only in field plan),none (program minimum 0),35% cost floor DISARMED,table max 20000 sf then extrapolated + custom-quote flag,n/a (bracket),35% report-only,tier %; manual (lawn floor protects),qualifier,residential exempt,retired,5% prepay only when no pest/mosquito setup fee in the mix,n/a,lawn golden master (60+) + ladder invariants + audit golden cases,recorded check-in→check-out span 44 min (9x; check-out often happens while driving to the next stop; so the span includes travel and is NOT comparable with the 23 modeled on-site minutes at 4500 sf — MON-004); list margin 30.7% < 35% floor at the reference size; zero lawnSqFt prices silently,capture true on-site timing (MON-004) before any labor recalibration; decide whether 35% is a floor or a report,Adam: lawn margin below floor at list — reprice or accept
lawn_care_6week,a40daf15-2c4d-413d-82d4-0890f6757ccf,Lawn Care 9 apps (default),Lawn Care,lawn (tier=enhanced),lawn {tier:enhanced},'Every 6 Weeks Lawn Care Service',active,yes,no,recurring,every_6_weeks,9,per application (9x column capped at floor(6x monthly x 1.44)),same,same,same,same,same,none,none,none,DISARMED,20000 sf,n/a,35% report-only,tier %; manual,qualifier,exempt,retired,5% conditional,n/a,golden master,observed 44 min median n=17; realized $66/hr incl. drive; 9x is the auto-selected default,same,same
lawn_care_monthly,86097bf3-cadb-42d0-b1c2-ee114d97a83a,Lawn Care 12 apps,Lawn Care,lawn (tier=premium),lawn {tier:premium},'Monthly Lawn Care Service',active,yes,no,recurring,monthly,12,per application (12x column capped at floor(6x monthly x 1.84) and <= 9x per-app),same,same,same,same,same,none,none,none,DISARMED,20000 sf,n/a,35% report-only,tier %; manual,qualifier,exempt,retired,5% conditional,n/a,golden master,observed 37 min median n=7; realized $62/hr,same,same
lawn_care_quarterly,c338f5a9-7745-4cf1-84a0-9c4415bd1eaa,(retired from builder menu),Quarterly Lawn Care Service,catalog quote-selectable; engine basic/4x RETIRED (lawnFreq=4 -> enhanced 9x),n/a,'Quarterly Lawn Care Service',active (catalog) / RETIRED in engine,yes,no,recurring,quarterly,4,none — normalizes to 9x,none,none,none,none,none,none,none,none,none,none,n/a,n/a,none,qualifier,exempt,retired,n/a,lawnFreq=4 silently prices as 9x (P2 finding),none,catalog sells 4 visits; engine prices 9 visits under the same request,deactivate/hide the catalog row or add a 4x column,Adam: is quarterly lawn still sold?
lawn_care_one_time,105a3761-f5d7-41d6-a1e6-1965b1e869a3,One-Time Lawn Care Service (svcOnetimeLawn),One-Time Lawn,n/a (leads),oneTimeLawn {treatmentType},'One-Time Lawn Care Service',active,yes,no,one-time,n/a,1,recurring per-app x treatment mult (fert 1.00 / weed 1.12 / pest 1.30 / fungicide 1.38) x 1.50; floor $115,lawn sqft; grass track; treatment type,urgency; recurringCustomer perk,none priced,none priced,protocols.json,none,none,$115,$115,none,n/a,n/a,15% perk,no,exempt,retired,n/a,n/a,one-time treatments test,engine key one_time_lawn maps to TWO catalog rows (lawn_care_one_time + lawn_pest_knockdown) so booked visits carry service_id NULL,split engine keys per treatment type,none
lawn_pest_knockdown,070d4939-7d78-4d24-bee1-2bd91e08dad9,(shares one_time_lawn),Lawn Pest Knockdown Service,n/a,lawnPestControl,'Lawn Pest Knockdown Service',active,yes,no,one-time,n/a,1,one_time_lawn x 1.30,lawn sqft,same,none,none,protocols.json,none,none,$150 (catalog base_price) vs $115 engine floor,$115,none,n/a,n/a,15% perk,no,taxable=true in catalog,retired,n/a,n/a,none direct,catalog says taxable=true for a residential lawn treatment; engine key shared,fix taxability; separate key,none
dethatching,255b2742-961e-4206-a413-dacf38f268a3,Lawn Dethatching Service,Lawn Dethatching Service,dethatching (quote-on-request),n/a (composer excludes),'Lawn Dethatching Service',active,yes,no,one-time,n/a,1,cost-plus: (material $2.10/1K + labor time model) / 0.40 (60% target) + cleanup adder; floor $150,lawn sqft; grass type (St. Augustine needs manager approval); cleanup level; access; thatch probes,manager approval reason,time model: 100 sf/min primary + 200 sf/min cross + 30 setup + cleanup min/1K + access,$2.10/1K,protocols.json (name),none,'LAWN-001 Classen TR-20H' label only (no calibration),$150,$150,manual review >10000 sf or heavy cleanup >6000 sf,60%,n/a,15% perk,no,taxable=true in catalog,retired,n/a,manager approval gate,dethatching tests + hardening,walking-speed proxy is hard-coded not equipment-driven,fine as is; verify taxability,none
plugging,092c37e4-0563-4a6b-9ca4-8e40744d8e14,Lawn Plugging Service,Lawn Plugging Service,plugging (quote-on-request),n/a (composer excludes),'Lawn Plugging Service',active,yes,no,one-time,n/a,1,cost-plus: plugs x $1.111 + (plugs/150) x $35 then / 0.55 (45% target); floor $250,plug area (defaults to WHOLE lawn if blank); spacing,urgency,150 plugs per labor hour,$19.99/18-plug tray,none,none,none,$250,$250,none,45%,n/a,15% perk,no,taxable=true in catalog,retired,n/a,n/a,drift test (client),blank plug area prices the whole lawn (4500 sf x 1.0/sf = 4500 plugs = $10995),require an explicit plug area,none
top_dressing,1395f096-c653-4f76-86e1-0ea6188db3fa,Lawn Top Dressing Service,Lawn Top Dressing Service,topDressing (accepted by API; not in menu),n/a (composer excludes),'Lawn Top Dressing Service',active,yes,no,one-time,n/a,1,cost-plus: sand $4.09 + delivery ($2.62 / $5.24) per 1K + labor (sf/130 min + 30/45 setup) / 0.40 or 0.35; floors $250/$450,area (blank = 65% of lawn sqft when no recurring lawn),depth,sf/130 min + setup,sand 1.04 cu-yd/1K (1/8") or 2.08 (1/4"),none,none,'LAWN-002 EcoLawn' label only,$250 / $450,same,none,60% / 65%,n/a,15% perk,no,taxable=true in catalog,retired,n/a,n/a,drift tests,hidden 65% treatable assumption when no recurring lawn,expose the area assumption on the estimate,none
lawn_aeration,cf1030e4-5577-442f-91ac-81ea25c764bf,n/a,Core Aeration Service,n/a,composer SKIPS aeration,n/a,archived,-,-,one-time,-,-,none,-,-,-,-,-,-,-,-,-,-,-,-,-,-,-,-,-,manual,none,no pricer,leave archived,none
lawn_fertilization,81037fad-84c6-453f-96cf-6221d855d285,n/a,Lawn Fertilization & Weed Control Service,n/a,n/a,n/a,archived,-,-,recurring,bimonthly,6,-,-,-,-,-,-,-,-,-,-,-,-,-,-,-,-,-,-,-,none,still referenced by trace-eligibility/self-booking/lead-webhook,retire references,none
lawn_fungicide,ac2c3672-ed36-452f-a7e8-578c5ad699f8,n/a,Lawn Fungicide Treatment Service,n/a,n/a,n/a,archived,-,-,one-time,-,-,(one_time_lawn fungicide mult 1.38),-,-,-,-,-,-,-,-,-,-,-,-,-,-,-,-,-,-,none,archived,none,none
lawn_insect_control,af3b6f23-0a26-4b19-9806-0e35f50d48a4,n/a,Lawn Insect Control Service,n/a,n/a,n/a,archived,-,-,one-time,-,-,-,-,-,-,-,-,-,-,-,-,-,-,-,-,-,-,-,-,-,none,archived,none,none
lawn_re_service,5f97243f-0c47-4491-b180-bc348cc6f5e6,(callback),Lawn Care Re-Service,n/a,n/a,'Lawn Care Re-Service' ($0),active (internal),yes,yes,one-time,n/a,as needed,$0,none,none,not modeled ($2/visit callback reserve in lawn cost floor only),none,none,none,none,$0,n/a,n/a,n/a,n/a,n/a,n/a,exempt,n/a,n/a,n/a,none,none,none,none
lawn_tree_shrub_combo,bd79a463-99d4-4670-b18a-031bc1d1b8e0,n/a,Lawn + Tree & Shrub Service,n/a,n/a,n/a,archived (combined),-,-,recurring,bimonthly,6,-,-,-,-,-,-,-,-,-,-,-,-,-,-,-,-,-,-,-,none,referenced by estimate-converter.js:259 / estimate-ai-context / SchedulePage.jsx,retire references,none
lawn_inspection,ba1c3b87-c682-43d1-a73e-47bfff5aa7bd,Waves Assessment,Waves Assessment,n/a,n/a,'Waves Assessment',active,yes,yes,one-time,n/a,1,none (free/consult),none,none,none,none,none,none,none,$0,n/a,n/a,n/a,n/a,n/a,n/a,exempt,n/a,n/a,manual,none,unpriced appointment lane,none,none
new_customer_inspection,20c1abf5-a3ea-4f48-b62a-c8f0bdeb5c71,n/a,New Customer Property Inspection Service,n/a,n/a,n/a,archived,-,-,one-time,-,-,-,-,-,-,-,-,-,-,-,-,-,-,-,-,-,-,-,-,manual,none,archived,none,none
pest_inspection,c9fb638c-950a-4d64-971b-c9ccae8c1b82,n/a,Pest Inspection Service,n/a,n/a,n/a,archived,-,-,one-time,-,-,-,-,-,-,-,-,-,-,-,-,-,-,-,-,-,-,-,-,manual,none,archived,none,none
mosquito_seasonal,a7c860d0-c360-4640-9627-c83020a07b60,Mosquito Control (svcMosquito) program seasonal9,Mosquito & No-See-Um Control / Mosquito Control,mosquito (tier=seasonal9) / catalog mosquito_seasonal,mosquito {tier REQUIRED},'Seasonal Mosquito Control Service',active,yes,no (commercial_mosquito),recurring,seasonal_feb_oct,9,per visit from treatable-area anchors (SMALL $77 ... ACRE $102 seasonal) x pressure,lot sqft (treatable = lot - footprint - hardscape estimate); features,stations (+$39/yr each); dunks (+$4/yr each); water proximity level (x1.02-1.35); pressure factors,report-only: 30 min + 20 drive x $35,report-only: Bifen I/T max(3 oz; 0.5 oz/1000 sf) x $0.32 + Tekko Pro 1 oz x $3.31 = ~$4.27/visit,protocols.json mosquito,none (product costs are literals equal to catalog best_price at audit time),none,SMALL $77,category floor,pressure cap 2.0x; ACRE manual review,n/a,35% report-only,tier %; manual,qualifier,exempt,retired,solo: 0% prepay (membership-fee mix; annualPrepayDiscountComponents) + $99 setup waived on prepay; seasonal_feb_oct is UNSUPPORTED for prepay coverage (prepay-cadence.js) so a prepay election converts as a standard acceptance; with pest: no setup fee + normal 5% prepay,missing lot -> ACRE (fail-expensive) + review,mosquito hardening + cadence guard + audit golden cases,README documents +10% nearWater but engine applies x1.20 (CLOSE) multiplier; treatable area is a lot-derived heuristic (hardscape curve),update docs; keep,none
mosquito_monthly,db61a24e-79e2-42dd-a347-0540e2a47f4a,Mosquito Control program monthly12,Mosquito Control,mosquito (tier=monthly12),mosquito {tier:monthly12},'Monthly Mosquito Control Service',active,yes,no,recurring,monthly,12,per visit (monthly12 column; never above seasonal9 per visit),same,same,same,same,same,none,none,SMALL $69,same,same,n/a,35% report-only,tier %; manual,qualifier,exempt,retired,solo: 0% prepay (membership-fee mix) + $99 setup waived on prepay (monthly cadence IS prepay-coverable); with pest: no setup fee + normal 5% prepay,same,same,same,same,none
mosquito_one_time,1abf7695-ce0b-46c0-86dd-9f80b41674c6,One-Time Mosquito Control Service (svcOnetimeMosquito),One-Time Mosquito,mosquito_one_time (selectable; not instant),oneTimeMosquito,'One-Time Mosquito Control Service',active,yes,no,one-time,n/a,1,flat by treatable bucket ($156 SMALL ... $282 ACRE_CLASS; +$42 per 10000 sf over acre) + stations $75 + dunks $15,lot sqft; footprint,stations; dunks,none,none,protocols.json,none,none,$156,$156,over-acre manual review,n/a,n/a,none (no tier %; no urgency),no,taxable=true in catalog vs engine exempt,retired,n/a,n/a,one-time treatments test,catalog taxable flag disagrees with residential exemption,fix catalog flag,none
mosquito_event,2385a090-91c1-48ea-ad92-8a1864267b1b,n/a,Mosquito Event Spray Service,n/a,n/a,n/a,archived,-,-,one-time,-,-,-,-,-,-,-,-,-,-,-,-,-,-,-,-,-,-,-,-,-,none,archived,none,none
tree_shrub_program,0327869c-f8b5-43ca-94b8-1d3b5316aa8c,Tree & Shrub (svcTs) 6x standard (default),Tree & Shrub Care,treeShrub (tier=standard; treeCount; palmCount),treeShrub {treeCount 1-200; palmCount 1-200},'Bi-Monthly Tree & Shrub Care Service',active,yes,no (commercial_tree_shrub),recurring,bimonthly,6,cost-plus annual: (material + labor + callback + $51 admin) / (1 - 0.45); monthly floor $35,bed area (explicit else lot x density %; fallback 2000 + review); NON-palm tree count (else density estimate); access,palmCount (service-line only!); shrub density factor (neutral); routine palm reserve (0/0 = dark),$35 x (max(25; 20 + bed/500 + trees x 1.5 + access) + 10) / 60 per visit,annual: $15 + $4/tree + $0.055/sf (x0.75 light; x1.25 enhanced); floor $10/visit,protocols.json tree_shrub (June-2026 catalog prices hand-derived),none live (per-tree/per-sf terms were derived once),none,$35/mo,monthly floor,bed >= 8000 sf; trees >= 15; difficult access + bed >= 4000 -> manual review,45% admin-inclusive,35% report-only,tier %; manual,qualifier,exempt,retired,5% prepay when no pest/mosquito setup fee,manual review reasons,tree-shrub v4.4 test + audit golden cases,ADMIN BUILDER sends palms at property level -> palms contribute $0 (public quote form sends service-line palms and prices them); blank tree count posts explicit 0 and suppresses the density fallback; whole-dollar re-rounding moves monthly +-$0.04,fix admin translator to pass palmCount on the service line; treat blank tree count as absent,Adam: palms priced inside T&S as generic trees ($4/yr + 1.5 min) or via the dark palm reserve?
tree_shrub_quarterly,68df56f5-1419-4e1b-8607-4130c00f50f3,Tree & Shrub 4x light (downsell),Tree & Shrub Care,treeShrub (tier=light),treeShrub {tier:light},'Quarterly Tree & Shrub Care Service',active,yes,no,recurring,quarterly,4,same model x lightFactor 0.75; floor $22/mo,same,same,same x 4 visits,same x 0.75,same,none,none,$22/mo,floor,same,45%,35%,tier %; manual,qualifier,exempt,retired,5% conditional,same,same,same,same,same
tree_shrub_6week,1f932dcf-7a80-4106-9435-bae62322b397,Tree & Shrub 9x enhanced (upsell),Tree & Shrub Care,treeShrub (tier=enhanced),treeShrub {tier:enhanced},'Every 6 Weeks Tree & Shrub Care Service',active,yes,no,recurring,every_6_weeks,9,same model x enhancedFactor 1.25; floor $48/mo,same,same,same x 9 visits,same x 1.25,protocols.json tops out at 6 visits (protocol/pricing cadence mismatch),none,none,$48/mo,floor,same,45%,35%,tier %; manual,qualifier,exempt,retired,5% conditional,same,same,pricing_config ts_material_rates note still says 9x retired; POLICY.md says retired; engine sells it,sync docs/config notes,Adam: confirm 9x T&S is sold and what visits 7-9 contain
palm_injection,a3cfd839-c21b-4e1c-a12f-a6393846e370,Palm Injection Service (svcInjection),Palm Injection / Palm Tree Injections,palm (selectable; not instant),palm {treatmentType:nutrition; palmCount REQUIRED},'Palm Injection Service',active (prod-reactivated; archived in migration-built DBs),yes,yes,one-time or recurring (apps/yr),per treatment (nutrition 1-2x; insecticide/combo 2x; lethal bronzing 4x; Tree-Age 0.5x),1-4,per palm ($35 nutrition; $45/$55/$75 insecticide; $65/$75/$95 combo; quote-based fungal/LB/Tree-Age) with $75 visit minimum,palmCount (positive integer; fail-closed); treatmentType; palmSize for tiered; dbh for Tree-Age,customPricePerPalm; highDose/largeDiameter flags -> quote,none modeled,internalCostBasis literals (Palm-Jet $125.63/L; Ima-Jet $295/L) audit-only,protocols.json palm_injection,none,'Arborjet QUIK-jet' asset exists; not linked,$75/visit,$75,none,n/a,n/a,excluded from %; Gold+ $10/palm/yr flat credit,NOT a qualifier,taxable=true in catalog,retired,n/a,quote-based when flags set,palm injection test + audit golden cases,no dose/plug/time model (price per palm only); customer-pricing-ai defaults combo+medium size; catalog row archived in fresh envs,add dose/time per size to the model,Adam: is per-palm flat pricing intended regardless of trunk size for nutrition?
palm_injection_semiannual,cd8bd2e0-5707-4fa0-8885-b9c3e3e1a355,(cadence variant),Semiannual Palm Injection Service,n/a,palm appsPerYear=2,'Semiannual Palm Injection Service',active,yes,yes,recurring,semiannual,2,same per-palm x 2,same,same,none,none,same,none,none,$75/visit,$75,none,n/a,n/a,flat credit only,no,taxable=true,retired,n/a,n/a,none direct,catalog row has no engine_key,link via engine_keys,none
palm_treatment,1b9b35a9-3699-405c-832d-1006f2a1ce4f,n/a,Palm Tree Nutritional Treatment Service,n/a,n/a,n/a,archived,-,-,recurring,quarterly,4,-,-,-,-,-,-,-,-,-,-,-,-,-,-,-,-,-,-,-,none,still referenced by trace-eligibility / converter / annual-prepay-renewals / admin-schedule,retire references,none
termite_bait,6f33e48c-e180-46df-bf36-2019b5543ed9,Termite Bait Stations (svcTermiteBait),Termite Bait Monitoring / Termite Bait / Termite Bait Station Service,termite (gated {ownership}),termite {system:trelona; monitoringTier:basic},'Termite Bait Station Service' (+ 'Termite Bond (N-Year Term)' rider; 'Station Rental' rider),active,yes,no (commercial_termite_bait),recurring (+ one-time install),quarterly,4,install = round(stations x ($22.05 + $5.25 + $0.75) x 1.45); monitoring monthly = $19 + $5 x max(0; ceil(stations/5) - 2) billed per application (monthly x 12 / 4),footprint or perimeter LF (perimeter = 4 sqrt(footprint) x 1.25/1.35); stations = max(8; ceil(perimeter / 15 ft)),ownership own/rent (rental uplift = install / 20 quarters); bond term; complexity; construction multiplier,install: 5 min/station x $35 computed but NOT in the billed base; monitoring: 5 min/station report-only,station $22.05 (catalog stale $24) + $5.25 labor/material + $0.75 misc; NO monitoring material-cost model exists in priceTermiteBait (the $1.50/station/visit and $7.50/station/yr figures were rodent-bait values — withdrawn); plan §A1 proposes the two-cartridge model,protocols.json termite; service_product_usage 'Termite Bait' Trelona 1 station/10 LF (disagrees with 15-ft spacing),none live; catalog Trelona station $24 flagged stale/needs_pricing,none,min 8 stations; $19/mo monitoring,n/a,none,install markup 45% on material (= 31% margin on material; install labor unrecovered by design); monitoring bracket,none,tier % on monitoring; bond + rental excluded,qualifier,exempt,retired,5% prepay (no setup fee),footprint unknown -> quote required (monitoring 'from' = 8-station rate),termite measurements + monitoring bracket + bond + rental tests,no monitoring cost model (margin unmeasurable until plan §A1's cartridge model lands; the §A1 estimate is Bronze −23%); station cost drift vs catalog; usage map spacing mismatch; docs still list Basic/Premier $35/$65,adopt the §A1 cartridge cost model then re-check monitoring margin; sync catalog station cost,Adam: is $19-$39/mo monitoring meant to be profitable stand-alone or a loss-leader for the install?
termite_bond_1yr,72b6df43-4341-4987-aba2-829a4cc097eb,Bond (warranty) term 1yr,Termite Bond (1-Year Term),n/a,n/a,'Termite Bond Service (1-Year Term)',active,yes,no,recurring rider,quarterly,4,flat $60/application,term,none,none,none,none,none,none,$60,n/a,n/a,n/a,n/a,excluded from %,no,exempt,retired,n/a,n/a,bond pricing test,1 engine key -> 3 catalog rows (identity by converter rewrite),ok,none
termite_bond_5yr,78952c61-5e15-4fbb-9b2f-99cbebc4f96c,Bond 5yr,Termite Bond (5-Year Term),n/a,n/a,'Termite Bond Service (5-Year Term)',active,yes,no,recurring rider,quarterly,4,$54/application,term,none,none,none,none,none,none,$54,n/a,n/a,n/a,n/a,excluded,no,exempt,retired,n/a,n/a,bond test,same,ok,none
termite_bond_10yr,34b66854-61c3-4eac-8bac-638510575b59,Bond 10yr,Termite Bond (10-Year Term),n/a,n/a,'Termite Bond Service (10-Year Term)',active,yes,no,recurring rider,quarterly,4,$45/application,term,none,none,none,none,none,none,$45,n/a,n/a,n/a,n/a,excluded,no,exempt,retired,n/a,n/a,bond test,same,ok,none
termite_station_rental,(no catalog row),Stations: rent,Station Rental,n/a,n/a,'Station Rental' rider,engine-only,yes,no,recurring rider,quarterly,4,install price / 20 quarters per application (permanent),ownership=rent,none,none,none,none,none,none,n/a,n/a,n/a,n/a,n/a,excluded,no,exempt,retired,n/a,n/a,rental test,no services row for the rider,add catalog identity,none
termite_monitoring,dffdcc9a-82a4-481d-9881-c062779c0b06,(legacy),Termite Monitoring Service,n/a,n/a,'Termite Monitoring Service',active,yes,no,recurring,quarterly,4,none (no pricer; docs say $99/ea),none,none,none,none,none,none,none,none,none,none,n/a,n/a,none,no,exempt,retired,n/a,manual,none,legacy row overlapping termite_bait monitoring,archive or map,Adam: retire?
termite_active_annual,05794a88-6ce5-42f9-a36a-d1e3435525e9,n/a,Annual Termite Active Bait Station Service,n/a,n/a,'Annual Termite Active Bait Station Service',active (not selectable),yes,no,recurring,annual,1,none (no pricer),-,-,-,-,-,-,-,-,-,-,-,-,none,no,exempt,retired,n/a,manual,none,name says Annual with visits_per_year=1 but label-first cadence parser risk,archive or map,Adam: retire?
termite_active_bait_quarterly,fa0584e4-e293-467d-b508-1b9c0b97c1e5,n/a,Quarterly Termite Active Bait Station Service,n/a,n/a,same,active (not selectable),yes,no,recurring,quarterly,4,none,-,-,-,-,-,-,-,-,-,-,-,-,none,no,exempt,retired,n/a,manual,none,no pricer,archive or map,Adam: retire?
termite_installation_setup,92635e9b-5bf9-47cf-8607-de477ac551b5,n/a,Termite Installation Setup Service,n/a,n/a,same,active (not selectable),yes,no,one-time,n/a,1,none (install is inside termite_bait),-,-,-,-,-,-,-,-,-,-,-,-,none,no,exempt,retired,n/a,manual,none,duplicate of the termite_bait install line,archive,none
termite_cartridge_replacement,808a856d-f2d3-420e-837a-89a2815fcb32,n/a,Termite Bait Station Cartridge Replacement Service,n/a,n/a,same,active (not selectable),yes,no,one-time,n/a,as needed,none,-,-,-,-,-,-,-,-,-,-,-,-,none,no,exempt,retired,n/a,manual,none,cartridge cost ($384/16) not in any pricer,map to monitoring economics,none
termite_renewal,50c0ce85-4e33-4f4b-b1c1-090c5b12a748,n/a,Termite Warranty Renewal Service,n/a,n/a,same,active (not selectable),yes,no,recurring,annual,1,none (trenching renewal $325 lives on the trenching line),-,-,-,-,-,-,-,-,-,-,-,-,none,no,exempt,retired,n/a,manual,none,referenced by renewal-reminder workflow,keep as billing construct; document,none
termite_liquid,57c57509-6d6f-4e21-8e72-2620a2dbbebe,n/a,Termite Liquid Treatment Service,n/a,n/a,same,active (quote-selectable),yes,no,one-time,n/a,1,none (no pricer; trenching is the priced liquid barrier),-,-,-,-,-,-,-,-,-,-,-,-,none,no,exempt,retired,n/a,manual,none,quote-selectable with no price path,map to trenching or hide,Adam: retire?
termite_pretreatment,600e06c0-4298-4618-a562-a9384b3e6a6e,n/a,Termite Pretreatment Service,n/a,n/a,same,active (quote-selectable),yes,no,one-time,n/a,1,none (pre-slab is the priced pretreat),-,-,-,-,-,-,-,-,-,-,-,-,none,no,exempt,retired,n/a,manual,none,duplicate of termite_slab_pretreat without a pricer,merge/hide,none
termite_slab_pretreat,cbe5a576-19b4-4129-829d-96fe6d073413,Pre-Slab (svcPreslab),Pre-Slab Termiticide Treatment / Pre-Slab Termidor,preSlab,n/a (composer excludes),'Slab Pre-Treat Termite Service',active,yes,yes (builder batch context),one-time,n/a,1,cost-plus: (product oz = slab sf / 10 x 0.8 oz) x $/oz + labor (0.5 + sf/1500 h; 1-5 h) x $35 + drive (standalone only) + $15 equip + $25 compliance; / 0.5294; usage steps of 100 sf; context floors $191-$510,slab sqft; product; job context (standalone/builderBatch/sameTripAddOn),warranty (+$170); volume discount 5+/10+ (post-margin); label confirmed,0.5 h + 1 h per 1500 sf (min 1; max 5),Termidor SC $174.72/78 oz LINKED to products_catalog approved best price (only inventory-linked service),protocols.json termite,YES (db-bridge syncPreSlabContainerCostsFromCatalog; fail-open within [0.5x;2x]),none,$191 standalone (250 sf),context floors,none,47% (divisor 0.5294 after a 15% price cut),n/a,excluded from all %,no,exempt,retired,n/a,label confirmation required,v1 adapter baseline + drift test,only service with a live inventory link; fail-open silently keeps constants when the catalog row is unpriced,extend the pattern to the other product-driven services,none
termite_trenching,c8bf19f8-8426-4fd5-942e-3c607d731aa1,Termite Trenching Service (svcTrenching),Trenching,trenching (selectable; not instant),n/a (composer excludes),'Termite Trenching Service' (+ annual renewal $325),active,yes,yes,one-time (+ annual renewal),n/a,1 (+1 renewal/yr),per linear foot: max($600; dirt LF x $10 + concrete LF x $14) x depth mult x high-rate mult + product surcharge (chemical premium over Taurus x 1.45) + warranty adder %,perimeter LF (measured); concrete %/LF; product; rate; depth,warranty tier (+15%/+25%); custom overrides,none (LF price is not cost-plus),finished gallons = LF x 0.4 gal/ft-depth; oz = gal x 0.8 (fipronil) or 1.0 (bifenthrin); container costs are LITERALS (Termidor $375/78 oz vs catalog $174.72),protocols.json termite,none (trenching product table not linked; pre-slab table is),none,$600,$600,repellent + long warranty -> quote,n/a,n/a,excluded from all %,no,exempt,retired,n/a,label confirmation; manual review on overrides,trenching test (1),Termidor container cost 2.1x the catalog price -> $181 surcharge instead of ~$56 on a 200-LF job; Bifen/Talstar container sizes wrong (96 oz),link trenching product costs to the catalog like pre-slab,none
bora_care,f93eaa50-f047-4c28-bdab-4b1e643b5e1a,Bora-Care (svcBoracare),Bora-Care Wood Treatment Service,n/a (booking alias),n/a,'Bora-Care Wood Treatment Service',active,yes,yes,one-time,n/a,1,cost-plus: gallons = max(3; sf/275) x $91.98 + labor curve (2-6 h; multi-day 6-10 h over 4500 sf) x $35 + $17.50 equip; / 0.45; surface jobs on actual gallons + $150 minimum,attic/raw-wood sqft or surface LF x height,surface vs attic,labor curve min(6; max(2; 1.5 + sf/1000)) h,$91.98/gal at 275 sf/gal,protocols.json termite,none (catalog Bora-Care $91.98 matches literal today),none,$150 surface,attic 3-gal / 2-h floors,none,55%,n/a,excluded,no,exempt,retired,n/a,n/a,core golden master + v1 adapter,catalog base_price $1946 is a display anchor unrelated to the formula,link gal cost to catalog,none
foam_drill,78b76b34-51e5-4038-9e42-e70bb2a27210,Termite Foam Service (svcFoam),Termite Foam Service,n/a,n/a,'Termite Foam Service',active,yes,yes,one-time,n/a,1,cost-plus by drill-point tier: (cans x $39.08 + hours x $35 + $8 bits) / 0.45; no floor; >20 points fails closed,drill points (select 5/10/15/20),urgency; afterHours,1.0/1.5/2.0/3.0 h,1-4 cans Termidor Foam @ $39.08,protocols.json termite,none (catalog $39.08 matches),none,$182 (spot),none (floor removed 2026-06-25),20 points,55%,n/a,15% perk,no,taxable=true in catalog vs engine exempt,retired,n/a,n/a,foam tests,catalog taxability flag disagrees,fix flag,none
foam_recurring,3a3a2040-8858-43c7-9ea0-cf78acabdeb4,Recurring Termite Foam (svcFoamRecurring),Recurring Termite Foam Service,n/a,n/a,'Recurring Termite Foam Service',active,yes,yes,recurring,quarterly/bimonthly/monthly,4/6/12,one-time foam cost / 0.45 x cadence mult (0.90/0.85/0.80) per visit,drill points; cadence,none,same tiers,same,protocols.json termite,none,none,n/a,none,none,55% before cadence discount,n/a,excluded from tier % (standalone),NOT a qualifier,taxable=true in catalog vs engine no identity,retired,n/a,n/a,foam tests,4-stage rounding cascade; no tax identity,ok,none
termite_spot_treatment,cd744dca-d4f5-4bf6-9730-db61ae17207f,(v2 termite_foam),Termite Spot Treatment Service,n/a,n/a,'Termite Spot Treatment Service',active,yes,yes,one-time,n/a,1,v2 foam: points x 2/4 min + 10 min setup x $35 + material; / (1 - 0.62); 15% bundle discount with liquid; round to $5,points; access,bundle with liquid,2/4 min per point + 10 setup,per point,protocols.json termite,none,none,n/a,n/a,none,62%,n/a,excluded,no,exempt,retired,n/a,n/a,none direct,parallel v2 pricer for the same work as foam_drill,retire one,none
wdo_inspection,a5ce1d7e-4207-492b-a67f-118b89cadc83,WDO Inspection Service (svcWdo),WDO Inspection,n/a (not in quote form),composer SKIPS wdo,'WDO Inspection Service',active,yes,yes (commercial -> manual quote line),one-time,n/a,1,flat $250 (single terminal bracket),footprint (only for review flags),none,not modeled (observed 60 min n=9),none,protocols.json termite (wdo/termite conflated by matcher),none,none,$250,$250,n/a,n/a,n/a,WaveGuard member 100% credit via discounts catalog (waveguard_member_wdo),no,exempt,retired,n/a,n/a,audit golden case,catalog base_price $250 (prod) matches; 9 completed WDOs since 06-01 at $241.67 avg; termite_inspection row duplicates identity,retire termite_inspection,none
termite_inspection,bdbc1bc6-38b3-453c-871d-cfa38bef0298,n/a,Termite Inspection Service,n/a,n/a,same,archived,-,-,one-time,-,-,-,-,-,-,-,-,-,-,-,-,-,-,-,-,-,-,-,-,-,none,duplicate of wdo_inspection (engine cross-matches the keys for credits),delete,none
rodent_bait_quarterly,e3c55bcb-ef11-4dc7-905f-9e721ec0b99f,Rodent Bait Station (svcRodentBait),Rodent Bait Stations,rodentBait (rodent_bait_quarterly),rodentBait,'Quarterly Rodent Bait Station Service',active,yes,yes (same brackets; commercial_rodent_bait),recurring,quarterly,4,per application by footprint bracket: <=1750 sf 4 stations $79 ... <=6750 sf 9 stations $129; +1 station/+$10 per 1000 sf above,footprint (homeSqFt/stories); NO station count input,none,report-only: 5 min/station + 20 drive x $35,report-only: $1.50/station/visit bait + $7.50/station/yr hardware,protocols.json rodent; service_product_usage 'Rodent Bait' (1 product),none,none,$79,n/a,ladder extends indefinitely,n/a,35% report-only,tier % (since 2026-08-29); manual NOT allowed,qualifier (rodent_waveguard config row),exempt,retired,$99 setup waived beside another qualifier; 5% prepay,missing/zero footprint prices the 2500-sf bracket silently (P2),rodent revisions + audit golden cases (no direct priceRodentBait test before this audit),margin 21% at Platinum by the engine's own model; setup fee $99 stand-alone only,fine; add footprint validation,none
rodent_bait_setup,a92e9d6d-9f9a-4718-b1fb-32f468d745df,(auto rider),Rodent Bait Station Setup Fee Service,n/a,n/a,'Bait Station Setup — one-time setup fee',active (rider),yes,yes,one-time,n/a,1,flat $99 when no other qualifying recurring service,none,none,none,none,none,none,none,$99,$99,n/a,n/a,n/a,excluded from all % (incl. 15% perk),no,taxable=true in catalog; taxed on commercial prepay,retired,NOT waived by prepay,n/a,migration tests only,no direct pricer test,keep,none
rodent_monitoring,e74ad6ea-55af-43c0-bb15-9fded6310e93,n/a,Quarterly Rodent Monitoring Service,n/a,n/a,n/a,archived (legacy monthly bait),-,-,recurring,monthly (label) / 4 visits (row),4,legacy $49-$69/mo score model (retired 2026-08-29; pinned for replays),-,-,-,-,-,-,-,-,-,-,-,-,-,-,-,-,-,-,legacy replay tests,frequency='monthly' with visits_per_year=4 (contradictory but archived),leave archived,none
rodent_trapping,fee1e488-1ce9-4c15-99ae-20b69a9111ca,Rodent Trapping Service (svcRodentTrap),Rodent Trapping,rodent_trapping (instant),composer SKIPS trapping,'Rodent Trapping Service',active,yes,yes,one-time (unlimited callbacks included),n/a,1 + unlimited follow-ups,flat $350 (+ home-size/lot/pressure adjustments; emergency x1.20 or +$75 min),homeSqFt; lot; pressure,emergency,not modeled (observed 92 min median n=7),none,protocols.json rodent,none,none,$350,$350,$795 ceiling before custom,n/a,n/a,15% perk? (one-time),no,exempt,retired,n/a,n/a,rodent revisions test,unlimited callbacks are unpriced (no reserve); 7 jobs since 06-01 realized $174/hr incl. drive,add a callback reserve to the cost view,Adam: unlimited callbacks confirmed?
rodent_trapping_followup,ff3ff8ae-2666-40df-a0d1-ae598f079f28,(auto),Rodent Trapping Follow-Up Visit Service,n/a,n/a,'Rodent Trapping Follow-Up Visit Service',active ($0),yes,yes,one-time,n/a,as needed,$0 (included),none,none,not modeled,none,none,none,none,$0,n/a,n/a,n/a,n/a,n/a,no,exempt,n/a,n/a,n/a,none,follow-up labor invisible to margin,report-only reserve,none
rodent_exclusion_only,2d19e134-f2b6-4318-ace9-353effc63fc2,Rodent Exclusion Service (svcExclusion V2),Exclusion / Rodent Exclusion Service,exclusion,composer SKIPS exclusion,'Rodent Exclusion Service',active,yes,yes,one-time,n/a,1,V2: mesh points $75/$150 + bird boxes $150/$210/$250 + linear mesh $14/$22 per LF; floors $195/$295; roof/story/access multipliers (or v1 per-point $50/$95/$195 with home-size minimums $395-$1295),entry point counts by type; LF of mesh; roof type; stories,waive $75 inspection,v2 calc: 5 min/point x roof x story + 30 setup (+45 screening) x $35 / (1 - 0.60) round to $5,per point,protocols.json rodent,none,none,$195,$195/$295,none,60% (v2 calc),n/a,15% perk,no,exempt,retired,n/a,n/a,v1 adapter baseline (1),three parallel exclusion pricers (v1; V2; calculateExclusionPrice),retire two,none
rodent_exclusion,3d449942-511c-40e2-a1e1-4a0eba772764,(bundle),Rodent Exclusion & Trapping Service,n/a,n/a,'Rodent Exclusion & Trapping Service',active,yes,yes,one-time,n/a,1,trapping + exclusion - 7% bundle (floor $895),as components,none,as components,as components,protocols.json rodent,none,none,$895,$895,none,n/a,n/a,bundle % only,no,exempt,retired,n/a,n/a,none,typical_materials_cost $75 is a display anchor,ok,none
rodent_trapping_exclusion,5890ce82-62d6-4779-82d3-70cf86c87268,(bundle),Rodent Trapping & Exclusion Service,n/a,n/a,same,active,yes,yes,one-time,n/a,1,same bundle,-,-,-,-,-,-,-,$895,$895,-,-,-,bundle %,no,taxable=true in catalog vs exempt,retired,n/a,n/a,none,duplicate identity with rodent_exclusion,merge,none
rodent_trapping_sanitation,73767c15-9836-48af-8825-9bf79cde46f1,(bundle),Rodent Trapping & Sanitation Service,n/a,n/a,same,active,yes,yes,one-time,n/a,1,trapping + sanitation - 5% (floor $895),-,-,-,-,-,-,-,$895,$895,-,-,-,bundle %,no,exempt,retired,n/a,n/a,none,none,ok,none
rodent_trapping_exclusion_sanitation,e5e33204-3aaf-49dd-b41b-b30b24588785,(bundle),Rodent Trapping; Exclusion & Sanitation Service,n/a,n/a,same,active,yes,yes,one-time,n/a,1,full remediation - 10% (floors $1195/$1495/$1995 by sanitation tier),-,-,-,-,-,-,-,$1195,tier floors,-,-,-,bundle %,no,exempt,retired,n/a,n/a,none,none,ok,none
rodent_sanitation_light,f4b0d8c9-c4a1-4455-bbc8-e3e1760a3c70,Rodent Sanitation tier light (svcRodentSanitation),Rodent Sanitation Service — Light,sanitation,composer SKIPS sanitation,'Rodent Sanitation Service — Light',active,yes,yes (0 sf -> manual quote),one-time,n/a,1,flat $395 incl. 300 sf; +$0.20/sf; +$12/cu ft debris,affected sqft (blank -> footprint fallback residential); debris cu ft; access,crawlspace/tight multipliers (heavy tier),120 min duration (catalog) not in price,none,protocols.json rodent,none,none,$395,$395,none,n/a,n/a,15% perk,no,taxable=true in catalog,retired,n/a,n/a,none (no pricer test),1 engine key -> 4 catalog rows; no test,add tests; single key,none
rodent_sanitation_standard,1371a231-967f-483f-9185-f93d4f2681f2,Rodent Sanitation standard,Rodent Sanitation Service — Standard,sanitation,n/a,same,active,yes,yes,one-time,n/a,1,$695 incl. 750 sf; +$0.30/sf; 10 cu ft incl.; +$12/cu ft,same,same,240 min (catalog),none,same,none,none,$695,$695,none,n/a,n/a,15% perk,no,taxable=true,retired,n/a,n/a,none,same,same,none
rodent_sanitation_heavy,1abf0320-8ad5-43ef-bf69-89de42a3b9c4,Rodent Sanitation heavy,Rodent Sanitation Service — Heavy,sanitation,n/a,same,active,yes,yes,one-time,n/a,1,$995 incl. 750 sf; +$0.55/sf; 25 cu ft incl.; +$12/cu ft; x1.15 crawlspace; x1.25 tight access,same,same,420 min (catalog),none,same,none,none,$995,$995,none,n/a,n/a,15% perk,no,taxable=true,retired,n/a,n/a,none,same,same,none
rodent_guarantee,428aace7-c5ae-4591-b6ea-eb798b96aa90,Rodent Guarantee Service (svcRodentGuarantee),Rodent Guarantee Service,n/a,n/a,'Rodent Guarantee Service',active (not bookable; duration 0),yes,yes,one-time (annual warranty),annual,1,flat $199/$249/$299 by home size/points; requires 4 completion attestations (fail-closed),homeSqFt; stories; sealed points; 4 checkboxes,none,none,none,none,none,none,$199,n/a,n/a,n/a,n/a,excluded from all %,no,exempt,retired,n/a,n/a,1 test,none,ok,none
rodent_wire_mesh,2f0d1427-5ac4-489e-bae2-12f646cc8c3f,(legacy; folded into Exclusion V2),Rodent Wire Mesh Exclusion Service,n/a,n/a,'Rodent Wire Mesh Exclusion Service',active,yes,yes,one-time,n/a,1,LF x $14-$24 by substrate; minimums $195-$395,LF; substrate,none,none,none,protocols.json rodent,none,none,$195,$195,none,n/a,n/a,15% perk,no,exempt,retired,n/a,n/a,2 tests,admin UI never sends the legacy RODENT_WIRE_MESH service (dead path from admin),retire legacy pricer,none
rodent_bird_box,fef4c721-ad54-48b9-b867-f0d66866e7a7,(legacy; folded into Exclusion V2),Roof-Entry Cover / Bird Box Service,n/a,n/a,'Roof-Entry Cover / Bird Box Service',active,yes,yes,one-time,n/a,1,per box $195/$225/$175/$295/$395,box type; quantity,none,none,none,protocols.json rodent,none,none,$175,n/a,none,n/a,n/a,15% perk,no,exempt,retired,n/a,n/a,2 tests,same dead path from admin,retire legacy pricer,none
rodent_inspection,01fb3d6b-9a16-45eb-915b-23129f9de1c8,(public only),Rodent Inspection Service,rodentInspection (instant),n/a,'Rodent Inspection Service',active,yes,yes,one-time,n/a,1,flat $75 creditable within 14 days (waived if approved total > $995),none,none,not modeled,none,none,none,none,$75,$75,n/a,n/a,n/a,credit not discount,no,taxable=true in catalog (commercial-helpers treats as taxable),retired,n/a,n/a,migration tests only,reachable from the public quote form only (not the admin builder),add to admin builder,none
rodent_general_one_time,b667b5c2-371b-4060-ae2c-a25d09b68776,n/a,Rodent Pest Control Service,n/a,n/a,'Rodent Pest Control Service',active (quote-selectable),yes,yes,one-time,n/a,1,none (no pricer),-,-,-,-,-,-,-,-,-,-,-,-,none,no,exempt,retired,n/a,manual,none,quote-selectable with no price path (call-booking keyword target),hide or map,Adam: retire?
trap_only_retainer_standard,98cece36-e1c9-4c15-99ae-20b69a9111ca,Trap-Only Retainer standard (svcTrapOnlyRetainer),Rodent Trapping Retainer,n/a,n/a,'Standard Trap-Only Retainer Service',active (not bookable),yes,yes,recurring,quarterly,4 (+2 callbacks),$495/yr or $49/mo; $199 setup; extra callbacks $125,plan; billing,callbacks used,none,none,none,none,none,$495,n/a,n/a,n/a,n/a,none,no,taxable=true in catalog,retired,n/a,n/a,none,billing construct with base_price NULL; monthly plan option contradicts the never-monthly ruling,confirm lane,Adam: monthly retainer allowed?
trap_only_retainer_plus,b7759e5c-bb30-4e97-ac6d-971a4ff79801,Trap-Only Retainer plus,same,n/a,n/a,'Plus Trap-Only Retainer Service',active,yes,yes,recurring,bimonthly,6 (+3 callbacks),$695/yr or $69/mo,same,same,none,none,none,none,none,$695,n/a,n/a,n/a,n/a,none,no,taxable=true,retired,n/a,n/a,none,same,same,same
trap_only_retainer_monthly,2ac96d17-46ff-43ea-8d97-613fc9b24e70,Trap-Only Retainer monthly,same,n/a,n/a,'Monthly Trap-Only Retainer Service',active,yes,yes,recurring,monthly,12 (+2 callbacks),$995/yr or $99/mo,same,same,none,none,none,none,none,$995,n/a,n/a,n/a,n/a,none,no,taxable=true,retired,n/a,n/a,none,same,same,same
bed_bug_treatment,b3f6b32d-65a1-4ece-9335-1e7cf1684c61,Bed Bug Treatment Service (svcBedbug),Bed Bug (Chemical/Heat),n/a,bedBug {CHEMICAL only; 5 required fields},'Bed Bug Treatment Service',active,yes,yes (occupancy multipliers),one-time,n/a,2-3 visits (chemical); 1 event + inspection (heat),chemical: (material $50.42/room x visits + labor minutes x $35) / 0.35 cost ratio; min $400 + $250/extra room; x severity/prep/occupancy/stories/urgency. heat: $1000/$850/$750 per room + equipment $150 + $75/room; subcontract x1.25,rooms (positive integer; fail-closed); method; severity; prepStatus; occupancyType,stories; footprint; equipment; heatScope; subcontractCost,visit1 45+30+30/room+20 drive; visit2 25+20/room+20 drive,PT Alpine WSG $220.53/500 g -> $50.42/room allowance (label verification flagged),protocols.json bed_bug,none (catalog Alpine WSG $163.56 vs literal $220.53 container price),none,$400,$400 + $250/room,rooms<=12 (schema) / none in engine; severe -> quote,65% (cost ratio 0.35),n/a,excluded from all %,no,taxable=true in catalog vs engine exempt,retired,n/a,severe/refused -> quote,bed bug test + v1 baseline,container cost literal 35% above the catalog best price; taxability flag,link material cost to catalog,none
flea_tick,6b28c71d-adbf-4f0e-b70a-f175c811680f,Flea Control Service (svcFlea),Flea Treatment / Flea Elimination Package,flea (pinned to flea_knockdown_single),flea {offerKey; fleaComplexity REQUIRED},'Flea Control Service',active,yes,yes,one-time,n/a,1 (single) or 2 (package),flat $225 initial (+$125 follow-up in package) + footprint/lot/complexity adjustments; floors $185/$95; package floor $280; exterior tiers $75-$240 by sqft,footprint; offer; complexity; exterior area + source,urgency (rush premium); recurringCustomer perk,not modeled,none,protocols.json,none,none,$185,$185/$95/$280,exterior >20000 sf -> custom quote,n/a,n/a,15% perk,no,exempt,retired,n/a,exterior area source unknown -> review,flea test,engine default offer (2-visit package) differs from the single-visit catalog row; lead-webhook defaults complexity to light,align offer keys,Adam: which flea offer is the default?
fire_ant,95254b85-8ebd-40e0-87aa-82eb5a93c967,n/a (falls into pest via 'ant'),Fire Ant Treatment Service,n/a,pest/oneTimePest via 'ant',n/a,active (quote-selectable),yes,yes,one-time,n/a,1,none (NO PRICER),-,-,-,-,-,-,-,-,-,-,-,-,none,no,exempt,retired,n/a,manual,none,quote-selectable with no price path; keyword tables route 'fire ant' to general pest,add a pricer or hide,Adam: price?
bee_wasp_removal,f2c2ef15-dd96-4885-b69c-cd19ba0c4e39,Stinging (svcWasp),Stinging Insect / Bee / Wasp Nest Removal,stinging,stinging {species; tier; removal REQUIRED},'Bee / Wasp Nest Removal Service',active,yes,yes,one-time,n/a,1,tiered $150/$250/$435/$775 + add-ons (aggressiveness $75-$200; height $75/$150; confined $100/$200; same-day $75; urgent x1.5; after-hours $75); removal $75-$450; free with recurring pest,species; tier; removal,aggressive/height/confined,v2 calc: 15 + 8/nest min x $35 / (1 - 0.68),none,protocols.json,none,none,$150,n/a,none,68% (v2),n/a,free with recurring pest,no,exempt,retired,n/a,admin UI sends NO species/tier/removal -> all six defaulted (PAPER_WASP tier 2 no removal),1 test + v1 baseline,admin builder cannot enter species/tier/removal -> every admin wasp quote is $250 tier-2 paper wasp,add the inputs to the builder,none
mud_dauber_removal,3d0ed745-d099-415c-bdbd-41a4e36e67a1,n/a,Mud Dauber Nest Removal Service,n/a,n/a,n/a,active (quote-selectable),yes,yes,one-time,n/a,1,none (NO PRICER),-,-,-,-,-,-,-,-,-,-,-,-,none,no,exempt,retired,n/a,manual,none,no price path,hide or map to stinging,Adam: price?
tick_control,babe27a7-3c99-414f-8bea-a32a1f5cce20,n/a,Tick Control Service,n/a,n/a,n/a,active (quote-selectable),yes,yes,one-time,n/a,1,none (NO PRICER; flea pricer covers 'tick' keyword only in lead automation),-,-,-,-,-,-,-,-,-,-,-,-,none,no,exempt,retired,n/a,manual,none,no price path,map to flea exterior or hide,Adam: price?
wildlife_trapping,1ae53d79-7034-4933-a185-9711f374df6c,n/a,Wildlife Trapping Service,n/a,n/a,n/a,active (quote-selectable),yes,yes,one-time,n/a,1,none (NO PRICER),-,-,-,-,-,-,-,-,-,-,-,-,none,no,exempt,retired,n/a,manual,none,no price path,hide,Adam: offered?
general_appointment,b397f70b-df23-42b5-a6a7-f79990665689,n/a,Waves Pest Control Appointment Service,n/a,n/a,'Waves Pest Control Appointment Service',active (internal),yes,yes,one-time,n/a,1,none,-,-,-,-,-,-,-,-,-,-,-,-,none,no,exempt,n/a,n/a,manual,none,unpriced appointment lane,ok,none
waveguard_initial_setup,eba0685e-8d97-4e6f-bd12-04091bd1cef4,(auto $99 setup line),WaveGuard Membership Setup,n/a,n/a,'WaveGuard Membership Setup' / '... Setup + First Application',active (billing construct),yes,no,one-time,n/a,1,flat $99 (PEST.initialFee) on pest/mosquito recurring; waived for annual prepay,none,none,none,none,none,none,none,$99,$99,n/a,n/a,n/a,none,no,exempt,retired,waived,n/a,setup-fee tests,amount lives in code (constants.js:192 + estimate-converter.js WAVEGUARD_SETUP_FEE) not in base_price; year1Total in the engine summary EXCLUDES it (PRICE-004),ok,none
waveguard_membership,7eeccd4c-0ab1-416e-afbd-844dc8629385,n/a,WaveGuard Membership,n/a,n/a,n/a,active (billing construct; duration 0),yes,no,recurring,monthly (label),NULL,none (tier is derived; no membership fee),-,-,-,-,-,-,-,-,-,-,-,-,none,n/a,exempt,n/a,n/a,n/a,none,label says monthly; there is no monthly billing by ruling,rename/retire,Adam: retire the row?
commercial_pest,(no catalog row),Commercial pest (isCommercial + risk type),Commercial Pest Control,pest on a commercial profile,pest + is_commercial,'Commercial Pest Control',engine-only (no services row),no,yes,recurring,monthly baseline (risk-type 4/6/12; admin override),4/6/12,cost buildup: exterior (material $4/visit + labor 15 min + 4 min/100 LF perimeter) + interior (material $2 + $1.50/1000 sf; labor 10 min + 6 min/1000 sf) + 10 min overhead + 15 min drive x $35; + $120 admin; / (1 - 0.45),building sqft (footprint) -> perimeter; risk type,interior on/off; cadence override; risk multipliers,as listed,as listed (literals),protocols.json pest,none,none,$900/yr reference (report-only),disarmed,>30000 sf low confidence,45%,n/a,none (no WaveGuard %); 5% prepay only,no,TAXABLE 7% (nonresidential_pest_control),retired,5% prepay with blended tax,footprint unknown -> quote required,commercial auto-price + safety gate tests,no catalog identity (books with service_id NULL); per-application quotes render pre-tax (TAX-001),add catalog rows for commercial_*,Adam: commercial tax copy
commercial_lawn,(no catalog row),Commercial lawn,Commercial Turf Treatment Program,lawn on a commercial profile,lawn + is_commercial,'Commercial Turf Treatment Program',engine-only,no,yes,recurring,8 apps (override 4/6/8/10/12),8,cost buildup: $45/1000 sf/yr material + labor (20 + 1.5/1000 sf min) + 15 drive + $3 callback reserve/visit + $120 admin; / (1 - 0.45),measured turf sqft (satellite or manual),cadence override,as listed,$45/1000 sf/yr literal,protocols.json lawn,none,none,$1200/yr reference,disarmed,>60000 sf low confidence,45%,n/a,none; 5% prepay,no,exempt (lawn_spraying_or_treatment),retired,5% prepay,turf unknown -> quote,commercial tests,no catalog identity,add catalog rows,none
commercial_tree_shrub,(no catalog row),Commercial T&S,Commercial Tree & Shrub,treeShrub commercial,treeShrub + is_commercial,'Commercial Tree & Shrub',engine-only,no,yes,recurring,6,6,cost buildup: $40 + $0.12/sf bed + $6/tree material; labor 25 + 0.9/100 sf + 1.5/tree + 10 overhead + 15 drive; $120 admin; / 0.55,bed area; tree count,none,as listed,as listed,protocols.json tree_shrub,none,none,$900 reference,disarmed,>20000 sf bed low confidence,45%,n/a,none; 5% prepay,no,exempt,retired,5% prepay,bed unknown -> quote,commercial tests,no catalog identity,add catalog rows,none
commercial_mosquito,(no catalog row),Commercial mosquito,Commercial Mosquito,mosquito commercial,mosquito + is_commercial,'Commercial Mosquito',engine-only,no,yes,recurring,9,9,cost buildup: $8 + $0.60/1000 sf material; labor 20 + 1.0/1000 sf + 8 overhead + 15 drive; $120 admin; / 0.55,treatable area (lot-derived),none,as listed,as listed,protocols.json mosquito,none,none,$720 reference,disarmed,>80000 sf low confidence,45%,n/a,none; 5% prepay,no,TAXABLE 7%,retired,5% prepay,always prices (lot-derivable),commercial tests,no catalog identity,add catalog rows,none
commercial_termite_bait,(no catalog row),Commercial termite bait,Commercial Termite Bait Monitoring,termite commercial,termite + is_commercial,'Commercial Termite Bait Monitoring',engine-only,no,yes,recurring,4,4,cost buildup: $14 + $6/100 LF material; labor 25 + 9/100 LF + 8 overhead + 15 drive; $120 admin; / 0.55,footprint -> perimeter,none,as listed,as listed,protocols.json termite,none,none,$900 reference,disarmed,>30000 sf low confidence,45%,n/a,none; 5% prepay,no,TAXABLE 7%,retired,5% prepay,footprint unknown -> quote,commercial tests,install is a separate manual quote,add catalog rows,none
commercial_rodent_bait,(no catalog row),Commercial rodent bait,Commercial Rodent Bait Stations,rodentBait commercial,rodentBait + is_commercial,'Commercial Rodent Bait Stations',engine-only,no,yes,recurring,4 (or 12 by risk bucket),4/12,residential footprint brackets (same $79-$129 ladder) OR legacy cost buildup ($10 + $1.20/1000 sf; 22 + 5/1000 sf min) for pinned replays; + $99 setup line,footprint,risk bucket cadence,as listed,as listed,protocols.json rodent,none,none,$79/visit,n/a,ladder,45% (buildup) / n/a (bracket),n/a,none (excludeFromPctDiscount on the commercial line),no,TAXABLE 7%,retired,5% prepay,footprint unknown -> quote,commercial tests,setup fee line taxed on commercial prepay,add catalog rows,none
rodent_plugging,(no catalog row),(v2 calc),Rodent Plugging,n/a,n/a,'Rodent Plugging',engine-only (calculatePluggingPrice v2),yes,yes,one-time,n/a,1,entry points x 3/5 min x $35 + $45 trip charge (standalone) / (1 - 0.65); round to $5,entry points; access,standalone,3/5 min per point,none,protocols.json rodent,none,none,n/a,n/a,none,65%,n/a,none,no,exempt,retired,n/a,n/a,none,no catalog row; parallel pricer to exclusion,retire or map,none
